Migration between Germany and foreign countries: years,;;;;;;;;;;;;;;;;;;;;;;;;;;;;;;;;;;;;;;;;;;;;
European Union states, sex;;;;;;;;;;;;;;;;;;;;;;;;;;;;;;;;;;;;;;;;;;;;
Migration statistics;;;;;;;;;;;;;;;;;;;;;;;;;;;;;;;;;;;;;;;;;;;;
"European Union states
Sex
Arrivals from foreign countries
Departures to foreign countries";;;Unit;1974;1975;1976;1977;1978;1979;1980;1981;1982;1983;1984;1985;1986;1987;1988;1989;1990;1991;1992;1993;1994;1995;1996;1997;1998;1999;2000;2001;2002;2003;2004;2005;2006;2007;2008;2009;2010;2011;2012;2013;2014
Austria;Male;Arrivals from foreign countries;number;13728;8754;9695;10070;11897;17099;19796;16766;12084;10331;9476;10201;10030;10323;11175;12139;12384;10834;10843;10560;9561;9405;8799;8310;8800;9658;9465;9038;8193;7593;7695;7622;8159;8776;9197;9671;9964;10171;9918;10004;10387
;;Departures to foreign countries;number;17977;12271;9899;9730;10893;11418;14831;16409;14320;11126;10140;10061;8843;8367;8687;9207;9675;11494;10351;9669;10105;9474;9267;9320;8607;9092;9238;8630;9147;8854;10257;9368;10053;10828;12960;12194;10681;10631;10826;10799;11463
;Female;Arrivals from foreign countries;number;8541;6465;6447;6683;6536;7346;8053;7558;6283;5439;5573;5501;5951;5996;6293;6540;6285;6064;6279;5790;5548;5697;5742;5512;5632;6228;6499;6782;6208;5863;5771;6136;6560;6967;7631;7867;7895;8419;8590;8625;8906
;;Departures to foreign countries;number;8450;7190;6288;5931;5999;5853;6304;6790;6484;5877;5396;5003;4652;4618;4333;4911;5022;5643;5812;5822;5697;5615;5879;5705;5770;6129;5874;6245;6782;7122;8271;8167;8551;9324;11089;10380;9208;9145;9173;9542;9975
;Total;Arrivals from foreign countries;number;22269;15219;16142;16753;18433;24445;27849;24324;18367;15770;15049;15702;15981;16319;17468;18679;18669;16898;17122;16350;15109;15102;14541;13822;14432;15886;15964;15820;14401;13456;13466;13758;14719;15743;16828;17538;17859;18590;18508;18629;19293
;;Departures to foreign countries;number;26427;19461;16187;15661;16892;17271;21135;23199;20804;17003;15536;15064;13495;12985;13020;14118;14697;17137;16163;15491;15802;15089;15146;15025;14377;15221;15112;14875;15929;15976;18528;17535;18604;20152;24049;22574;19889;19776;19999;20341;21438
Belgium;Male;Arrivals from foreign countries;number;2412;2245;2296;2399;2324;2474;2713;2526;2357;2226;2269;2221;2452;2491;2350;2306;2371;2518;2502;2548;2543;2581;2605;2605;2524;2544;2524;2609;2477;2447;2493;2385;2257;2344;2431;2516;2794;2983;3101;3156;3360
;;Departures to foreign countries;number;2800;2490;2413;2198;2163;2118;2005;2209;2124;2069;2039;1948;1953;2013;1828;2127;2360;2373;2420;2399;2705;2650;2765;2686;2599;2600;2262;2295;2424;2417;2628;2317;2390;2435;2685;2654;2436;2345;2292;2627;2941
;Female;Arrivals from foreign countries;number;2105;2022;2057;2103;1967;2037;2303;2291;2132;1996;2035;2138;2105;2167;2054;2010;1961;2003;2087;1990;2026;2100;2261;2137;2063;2131;2059;2094;1962;1844;1856;1882;1858;1854;1997;1988;2140;2236;2467;2669;2739
;;Departures to foreign countries;number;2100;2113;2004;1830;1810;1742;1775;1749;1819;1825;1901;1773;1662;1617;1594;1791;1963;2028;2162;2202;2608;2325;2334;2250;2327;2264;1958;1960;2141;2206;2308;2085;2150;2281;2396;2416;2087;2060;1899;2413;2388
;Total;Arrivals from foreign countries;number;4517;4267;4353;4502;4291;4511;5016;4817;4489;4222;4304;4359;4557;4658;4404;4316;4332;4521;4589;4538;4569;4681;4866;4742;4587;4675;4583;4703;4439;4291;4349;4267;4115;4198;4428;4504;4934;5219;5568;5825;6099
;;Departures to foreign countries;number;4900;4603;4417;4028;3973;3860;3780;3958;3943;3894;3940;3721;3615;3630;3422;3918;4323;4401;4582;4601;5313;4975;5099;4936;4926;4864;4220;4255;4565;4623;4936;4402;4540;4716;5081;5070;4523;4405;4191;5040;5329
Bulgaria;Male;Arrivals from foreign countries;number;-;-;-;-;-;-;-;-;-;-;-;-;-;-;-;-;-;-;-;-;-;-;-;-;-;-;-;-;-;-;-;-;-;11359;14480;17786;25091;33709;38486;38351;49061
;;Departures to foreign countries;number;-;-;-;-;-;-;-;-;-;-;-;-;-;-;-;-;-;-;-;-;-;-;-;-;-;-;-;-;-;-;-;-;-;5152;9907;12816;15666;20316;23851;27375;31279
;Female;Arrivals from foreign countries;number;-;-;-;-;-;-;-;-;-;-;-;-;-;-;-;-;-;-;-;-;-;-;-;-;-;-;-;-;-;-;-;-;-;9343;9354;11104;14296;17903;20376;20972;28729
;;Departures to foreign countries;number;-;-;-;-;-;-;-;-;-;-;-;-;-;-;-;-;-;-;-;-;-;-;-;-;-;-;-;-;-;-;-;-;-;3230;5957;7124;8119;9106;9890;11219;13212
;Total;Arrivals from foreign countries;number;-;-;-;-;-;-;-;-;-;-;-;-;-;-;-;-;-;-;-;-;-;-;-;-;-;-;-;-;-;-;-;-;-;20702;23834;28890;39387;51612;58862;59323;77790
;;Departures to foreign countries;number;-;-;-;-;-;-;-;-;-;-;-;-;-;-;-;-;-;-;-;-;-;-;-;-;-;-;-;-;-;-;-;-;-;8382;15864;19940;23785;29422;33741;38594;44491
Croatia;Male;Arrivals from foreign countries;number;-;-;-;-;-;-;-;-;-;-;-;-;-;-;-;-;-;-;-;-;-;-;-;-;-;-;-;-;-;-;-;-;-;-;-;-;-;-;-;18212;30185
;;Departures to foreign countries;number;-;-;-;-;-;-;-;-;-;-;-;-;-;-;-;-;-;-;-;-;-;-;-;-;-;-;-;-;-;-;-;-;-;-;-;-;-;-;-;9544;12972
;Female;Arrivals from foreign countries;number;-;-;-;-;-;-;-;-;-;-;-;-;-;-;-;-;-;-;-;-;-;-;-;-;-;-;-;-;-;-;-;-;-;-;-;-;-;-;-;6988;14055
;;Departures to foreign countries;number;-;-;-;-;-;-;-;-;-;-;-;-;-;-;-;-;-;-;-;-;-;-;-;-;-;-;-;-;-;-;-;-;-;-;-;-;-;-;-;3209;4355
;Total;Arrivals from foreign countries;number;-;-;-;-;-;-;-;-;-;-;-;-;-;-;-;-;-;-;-;-;-;-;-;-;-;-;-;-;-;-;-;-;-;-;-;-;-;-;-;25200;44240
;;Departures to foreign countries;number;-;-;-;-;-;-;-;-;-;-;-;-;-;-;-;-;-;-;-;-;-;-;-;-;-;-;-;-;-;-;-;-;-;-;-;-;-;-;-;12753;17327
Cyprus;Male;Arrivals from foreign countries;number;-;-;-;-;-;-;-;-;-;-;-;-;-;-;-;-;-;-;-;-;-;-;-;-;-;-;-;-;-;-;-;-;-;165;152;212;221;278;372;564;528
;;Departures to foreign countries;number;-;-;-;-;-;-;-;-;-;-;-;-;-;-;-;-;-;-;-;-;-;-;-;-;-;-;-;-;-;-;-;-;-;156;203;190;172;157;156;191;260
;Female;Arrivals from foreign countries;number;-;-;-;-;-;-;-;-;-;-;-;-;-;-;-;-;-;-;-;-;-;-;-;-;-;-;-;-;-;-;-;-;-;163;148;178;174;284;368;554;572
;;Departures to foreign countries;number;-;-;-;-;-;-;-;-;-;-;-;-;-;-;-;-;-;-;-;-;-;-;-;-;-;-;-;-;-;-;-;-;-;122;153;150;163;158;142;203;237
;Total;Arrivals from foreign countries;number;-;-;-;-;-;-;-;-;-;-;-;-;-;-;-;-;-;-;-;-;-;-;-;-;-;-;-;-;-;-;-;-;-;328;300;390;395;562;740;1118;1100
;;Departures to foreign countries;number;-;-;-;-;-;-;-;-;-;-;-;-;-;-;-;-;-;-;-;-;-;-;-;-;-;-;-;-;-;-;-;-;-;278;356;340;335;315;298;394;497
Czech Republic;Male;Arrivals from foreign countries;number;-;-;-;-;-;-;-;-;-;-;-;-;-;-;-;-;-;-;-;-;-;-;-;-;-;-;-;-;-;-;-;-;-;3556;3751;3702;3821;5324;5878;6644;7582
;;Departures to foreign countries;number;-;-;-;-;-;-;-;-;-;-;-;-;-;-;-;-;-;-;-;-;-;-;-;-;-;-;-;-;-;-;-;-;-;3391;4206;3986;3212;3208;3456;4320;5153
;Female;Arrivals from foreign countries;number;-;-;-;-;-;-;-;-;-;-;-;-;-;-;-;-;-;-;-;-;-;-;-;-;-;-;-;-;-;-;-;-;-;3899;3521;3523;3369;4404;4823;5009;5375
;;Departures to foreign countries;number;-;-;-;-;-;-;-;-;-;-;-;-;-;-;-;-;-;-;-;-;-;-;-;-;-;-;-;-;-;-;-;-;-;3245;3876;3600;2855;2681;2831;3057;3678
;Total;Arrivals from foreign countries;number;-;-;-;-;-;-;-;-;-;-;-;-;-;-;-;-;-;-;-;-;-;-;-;-;-;-;-;-;-;-;-;-;-;7455;7272;7225;7190;9728;10701;11653;12957
;;Departures to foreign countries;number;-;-;-;-;-;-;-;-;-;-;-;-;-;-;-;-;-;-;-;-;-;-;-;-;-;-;-;-;-;-;-;-;-;6636;8082;7586;6067;5889;6287;7377;8831
Denmark;Male;Arrivals from foreign countries;number;1165;983;859;876;967;1055;1295;1292;986;856;824;1033;1116;1155;1188;1399;1614;1783;2392;2693;2653;2281;1935;1686;1603;1861;1787;1791;1610;1426;1500;1483;1431;1514;1710;1761;1792;1942;1822;2029;1889
;;Departures to foreign countries;number;1077;932;1010;856;890;877;881;990;942;1058;920;972;1342;1101;942;904;1045;1219;1411;1995;2545;2387;2395;2045;1995;1899;1500;1496;1574;1428;1620;1395;1637;2137;2449;2309;1752;1658;1543;1606;1872
;Female;Arrivals from foreign countries;number;1146;967;1009;802;834;916;993;1072;944;984;964;1067;1132;1113;1197;1327;1534;1751;1964;1960;1948;1836;1698;1401;1468;1451;1448;1445;1279;1267;1178;1186;1132;1117;1321;1396;1473;1498;1621;1720;1628
;;Departures to foreign countries;number;891;810;903;772;804;748;778;753;877;930;936;924;1165;954;808;941;1021;1246;1337;1803;1951;2044;1971;1818;1814;1593;1305;1320;1400;1284;1442;1299;1478;1877;2100;1961;1570;1417;1385;1447;1770
;Total;Arrivals from foreign countries;number;2311;1950;1868;1678;1801;1971;2288;2364;1930;1840;1788;2100;2248;2268;2385;2726;3148;3534;4356;4653;4601;4117;3633;3087;3071;3312;3235;3236;2889;2693;2678;2669;2563;2631;3031;3157;3265;3440;3443;3749;3517
;;Departures to foreign countries;number;1968;1742;1913;1628;1694;1625;1659;1743;1819;1988;1856;1896;2507;2055;1750;1845;2066;2465;2748;3798;4496;4431;4366;3863;3809;3492;2805;2816;2974;2712;3062;2694;3115;4014;4549;4270;3322;3075;2928;3053;3642
Estonia;Male;Arrivals from foreign countries;number;-;-;-;-;-;-;-;-;-;-;-;-;-;-;-;-;-;-;-;-;-;-;-;-;-;-;-;-;-;-;-;-;-;232;237;429;622;759;625;700;567
;;Departures to foreign countries;number;-;-;-;-;-;-;-;-;-;-;-;-;-;-;-;-;-;-;-;-;-;-;-;-;-;-;-;-;-;-;-;-;-;205;293;289;412;463;465;435;458
;Female;Arrivals from foreign countries;number;-;-;-;-;-;-;-;-;-;-;-;-;-;-;-;-;-;-;-;-;-;-;-;-;-;-;-;-;-;-;-;-;-;494;410;479;587;756;744;730;609
;;Departures to foreign countries;number;-;-;-;-;-;-;-;-;-;-;-;-;-;-;-;-;-;-;-;-;-;-;-;-;-;-;-;-;-;-;-;-;-;321;481;403;367;369;402;428;478
;Total;Arrivals from foreign countries;number;-;-;-;-;-;-;-;-;-;-;-;-;-;-;-;-;-;-;-;-;-;-;-;-;-;-;-;-;-;-;-;-;-;726;647;908;1209;1515;1369;1430;1176
;;Departures to foreign countries;number;-;-;-;-;-;-;-;-;-;-;-;-;-;-;-;-;-;-;-;-;-;-;-;-;-;-;-;-;-;-;-;-;-;526;774;692;779;832;867;863;936
Finland;Male;Arrivals from foreign countries;number;679;454;520;633;714;733;893;643;612;624;513;637;695;784;790;816;1111;987;1538;1572;2302;2316;1752;1393;1271;1260;1313;1194;925;938;1001;260;225;1021;879;976;1008;1102;1155;1222;1191
;;Departures to foreign countries;number;730;651;518;503;645;564;697;754;724;669;696;552;590;729;729;640;831;867;873;1178;1486;1860;2098;1564;1348;1263;1230;1181;1181;1074;1196;957;980;1004;1128;1192;998;881;981;977;1129
;Female;Arrivals from foreign countries;number;1359;970;936;1098;1149;1055;1078;1005;935;857;928;985;998;1020;1095;1020;1101;1284;1745;1834;2119;2163;1980;1834;1598;1653;1701;1539;1278;1266;1228;1198;1129;1229;1167;1184;1177;1328;1435;1401;1414
;;Departures to foreign countries;number;1301;1139;830;823;932;838;882;970;916;879;886;822;882;907;884;841;860;953;1007;1308;1574;1770;1980;1797;1768;1617;1570;1477;1477;1306;1500;1215;1166;1168;1357;1471;1193;1144;1194;1169;1293
;Total;Arrivals from foreign countries;number;2038;1424;1456;1731;1863;1788;1971;1648;1547;1481;1441;1622;1693;1804;1885;1836;2212;2271;3283;3406;4421;4479;3732;3227;2869;2913;3014;2733;2203;2204;2229;1458;1354;2250;2046;2160;2185;2430;2590;2623;2605
;;Departures to foreign countries;number;2031;1790;1348;1326;1577;1402;1579;1724;1640;1548;1582;1374;1472;1636;1613;1481;1691;1820;1880;2486;3060;3630;4078;3361;3116;2880;2800;2658;2658;2380;2696;2172;2146;2172;2485;2663;2191;2025;2175;2146;2422
France;Male;Arrivals from foreign countries;number;8608;6616;6950;7054;7701;9628;10540;9084;7149;6302;6717;7188;7548;7843;7965;8638;8584;8835;9788;10023;10533;11319;12190;10823;10634;11653;11782;10800;9826;9477;9701;971;855;10339;10490;10604;10635;10994;11114;11847;12230
;;Departures to foreign countries;number;8325;6966;6645;6260;6689;6723;7610;7801;7993;6826;6439;6850;6121;6305;5984;6986;7435;8578;9024;9394;10467;10587;10822;10898;10612;10908;10368;10372;10415;10051;10887;9335;9131;9336;11005;11247;9567;8676;8449;8682;9898
;Female;Arrivals from foreign countries;number;7905;6891;6684;6936;6883;7533;8467;7930;6744;6215;6486;6958;7338;7564;8135;8567;8574;8866;10043;9816;9820;10382;10491;9635;9588;9863;9704;9062;8793;8656;8668;8902;9120;9288;9282;9461;9631;9917;10192;10797;11077
;;Departures to foreign countries;number;6861;6624;6521;6226;6593;6251;6538;6684;7095;6557;6213;6186;6302;6308;6226;6887;7159;8366;8959;8925;10093;9799;9698;9708;9713;10265;9047;8862;9400;9009;9959;8622;8659;8575;10541;10911;9124;8605;8254;8498;9620
;Total;Arrivals from foreign countries;number;16513;13507;13634;13990;14584;17161;19007;17014;13893;12517;13203;14146;14886;15407;16100;17205;17158;17701;19831;19839;20353;21701;22681;20458;20222;21516;21486;19862;18619;18133;18369;9873;9975;19627;19772;20065;20266;20911;21306;22644;23307
;;Departures to foreign countries;number;15186;13590;13166;12486;13282;12974;14148;14485;15088;13383;12652;13036;12423;12613;12210;13873;14594;16944;17983;18319;20560;20386;20520;20606;20325;21173;19415;19234;19815;19060;20846;17957;17790;17911;21546;22158;18691;17281;16703;17180;19518
Greece;Male;Arrivals from foreign countries;number;16271;9898;9317;8879;9183;8834;9469;11538;7923;6295;5703;5880;7357;9777;20608;18249;16443;17284;14674;12007;12945;13546;12763;10704;10417;11314;11252;10705;9959;7904;6585;5915;5458;5396;5448;5805;8187;14896;20296;19777;18158
;;Departures to foreign countries;number;27968;36645;32196;26474;20144;16304;12313;9461;10889;10996;9526;9527;8816;7658;7814;8980;9086;9854;10503;11348;12602;12606;13247;13492;12545;12214;11612;11941;12244;10877;12236;9743;8996;8895;10195;10306;7419;6789;7944;8902;10645
;Female;Arrivals from foreign countries;number;14202;8728;7204;6965;6802;6618;7064;7763;5612;4409;4290;4482;5426;6819;13515;12273;11146;12048;10638;7816;7585;8418;7992;6601;6438;7183;7106;6824;5954;5055;4298;3777;3499;3512;3714;3904;5530;10368;15515;14951;13529
;;Departures to foreign countries;number;21261;29667;26758;22237;16867;13637;10688;7006;8030;8858;8112;7824;7184;6341;5835;6491;6157;6404;7063;7459;8196;8232;8443;9186;8300;8078;7771;7747;7754;7229;8281;7141;6657;6704;7342;7622;5222;4470;4944;5313;6576
;Total;Arrivals from foreign countries;number;30473;18626;16521;15844;15985;15452;16533;19301;13535;10704;9993;10362;12783;16596;34123;30522;27589;29332;25312;19823;20530;21964;20755;17305;16855;18497;18358;17529;15913;12959;10883;9692;8957;8908;9162;9709;13717;25264;35811;34728;31687
;;Departures to foreign countries;number;49229;66312;58954;48711;37011;29941;23001;16467;18919;19854;17638;17351;16000;13999;13649;15471;15243;16258;17566;18807;20798;20838;21690;22678;20845;20292;19383;19688;19998;18106;20517;16884;15653;15599;17537;17928;12641;11259;12888;14215;17221
Hungary;Male;Arrivals from foreign countries;number;-;-;-;-;-;-;-;-;-;-;-;-;-;-;-;-;-;-;-;-;-;-;-;-;-;-;-;-;-;-;-;-;-;17714;19722;19591;22681;31059;38527;40754;39280
;;Departures to foreign countries;number;-;-;-;-;-;-;-;-;-;-;-;-;-;-;-;-;-;-;-;-;-;-;-;-;-;-;-;-;-;-;-;-;-;14103;17670;17897;16402;19726;22306;26476;30904
;Female;Arrivals from foreign countries;number;-;-;-;-;-;-;-;-;-;-;-;-;-;-;-;-;-;-;-;-;-;-;-;-;-;-;-;-;-;-;-;-;-;5166;6150;6441;7334;10923;16300;18239;18000
;;Departures to foreign countries;number;-;-;-;-;-;-;-;-;-;-;-;-;-;-;-;-;-;-;-;-;-;-;-;-;-;-;-;-;-;-;-;-;-;3629;4827;5177;4928;5274;6313;8275;10120
;Total;Arrivals from foreign countries;number;-;-;-;-;-;-;-;-;-;-;-;-;-;-;-;-;-;-;-;-;-;-;-;-;-;-;-;-;-;-;-;-;-;22880;25872;26032;30015;41982;54827;58993;57280
;;Departures to foreign countries;number;-;-;-;-;-;-;-;-;-;-;-;-;-;-;-;-;-;-;-;-;-;-;-;-;-;-;-;-;-;-;-;-;-;17732;22497;23074;21330;25000;28619;34751;41024
Ireland;Male;Arrivals from foreign countries;number;507;389;694;961;1037;1603;2537;1874;1311;886;1032;1142;1406;1793;1767;2615;1999;3221;3680;3027;2924;3425;3408;2170;1541;1514;1359;1407;1174;1060;853;806;960;1060;1191;1308;1313;1580;1650;1518;1589
;;Departures to foreign countries;number;458;379;518;738;769;1154;1683;1912;1341;1049;1011;971;904;1399;1030;1520;1311;2802;2264;2531;2958;3074;3951;2981;2211;1699;1480;1385;1296;1214;1238;1022;1196;1319;1424;1303;1089;967;959;1057;1225
;Female;Arrivals from foreign countries;number;463;425;527;753;886;1323;1759;1458;1137;827;983;1010;1210;1576;1665;2003;1879;2616;2925;2308;2271;2536;2624;1960;1758;1561;1366;1298;1056;986;802;745;764;802;978;1058;1006;1214;1304;1258;1330
;;Departures to foreign countries;number;347;360;415;544;697;1001;1238;1429;1023;891;874;799;881;1092;971;1292;1258;2282;2036;1870;2279;2358;3002;2580;2126;1885;1579;1410;1338;1201;1251;1019;1134;1219;1305;1232;922;905;928;1018;1129
;Total;Arrivals from foreign countries;number;970;814;1221;1714;1923;2926;4296;3332;2448;1713;2015;2152;2616;3369;3432;4618;3878;5837;6605;5335;5195;5961;6032;4130;3299;3075;2725;2705;2230;2046;1655;1551;1724;1862;2169;2366;2319;2794;2954;2776;2919
;;Departures to foreign countries;number;805;739;933;1282;1466;2155;2921;3341;2364;1940;1885;1770;1785;2491;2001;2812;2569;5084;4300;4401;5237;5432;6953;5561;4337;3584;3059;2795;2634;2415;2489;2041;2330;2538;2729;2535;2011;1872;1887;2075;2354
Italy;Male;Arrivals from foreign countries;number;57325;32977;45857;54699;57123;61700;58705;42484;26682;23527;24518;25702;30413;29769;27644;27329;25100;24016;20856;22049;27501;35716;34445;26937;23882;23319;22003;19509;16499;14166;12693;12031;11886;12248;13362;14901;16718;20001;27696;37371;44640
;;Departures to foreign countries;number;84794;68178;54559;50086;49883;50100;53375;54173;51680;44068;38599;32393;27038;25786;24342;25547;22912;24839;22308;20697;22629;24652;27395;27143;25917;24554;22894;22374;22368;20170;21468;16719;15573;14890;16588;16857;14596;14009;14375;17536;22953
;Female;Arrivals from foreign countries;number;30737;20158;23322;28176;28574;30176;30160;25083;17152;14964;15720;16246;18830;18236;16905;15732;14579;14356;12932;13224;15030;17402;16660;14620;13778;13893;13382;12069;10383;9536;8729;8237;8244;8523;9087;10025;10470;12869;17398;23280;28721
;;Departures to foreign countries;number;38094;38692;32833;27885;26762;26556;26717;29484;33216;31168;26348;22225;17719;16665;15696;16042;14092;14368;13854;13437;13318;13117;13424;13615;13950;13813;13813;13730;14167;13632;14805;11860;11234;10523;11731;11569;9672;9155;9003;10367;13351
;Total;Arrivals from foreign countries;number;88062;53135;69179;82875;85697;91876;88865;67567;43834;38491;40238;41948;49243;48005;44549;43061;39679;38372;33788;35273;42531;53118;51105;41557;37660;37212;35385;31578;26882;23702;21422;20268;20130;20771;22449;24926;27188;32870;45094;60651;73361
;;Departures to foreign countries;number;122888;106870;87392;77971;76645;76656;80092;83657;84896;75236;64947;54618;44757;42451;40038;41589;37004;39207;36162;34134;35947;37769;40819;40758;39867;38367;36707;36104;36535;33802;36273;28579;26807;25413;28319;28426;24268;23164;23378;27903;36304
Latvia;Male;Arrivals from foreign countries;number;-;-;-;-;-;-;-;-;-;-;-;-;-;-;-;-;-;-;-;-;-;-;-;-;-;-;-;-;-;-;-;-;-;744;1077;3032;5095;6531;5751;5132;4516
;;Departures to foreign countries;number;-;-;-;-;-;-;-;-;-;-;-;-;-;-;-;-;-;-;-;-;-;-;-;-;-;-;-;-;-;-;-;-;-;783;844;1411;2931;3772;3822;3764;3958
;Female;Arrivals from foreign countries;number;-;-;-;-;-;-;-;-;-;-;-;-;-;-;-;-;-;-;-;-;-;-;-;-;-;-;-;-;-;-;-;-;-;1013;985;1898;2594;3646;3581;3285;2929
;;Departures to foreign countries;number;-;-;-;-;-;-;-;-;-;-;-;-;-;-;-;-;-;-;-;-;-;-;-;-;-;-;-;-;-;-;-;-;-;656;925;891;1234;1398;1775;1710;1868
;Total;Arrivals from foreign countries;number;-;-;-;-;-;-;-;-;-;-;-;-;-;-;-;-;-;-;-;-;-;-;-;-;-;-;-;-;-;-;-;-;-;1757;2062;4930;7689;10177;9332;8417;7445
;;Departures to foreign countries;number;-;-;-;-;-;-;-;-;-;-;-;-;-;-;-;-;-;-;-;-;-;-;-;-;-;-;-;-;-;-;-;-;-;1439;1769;2302;4165;5170;5597;5474;5826
Lithuania;Male;Arrivals from foreign countries;number;-;-;-;-;-;-;-;-;-;-;-;-;-;-;-;-;-;-;-;-;-;-;-;-;-;-;-;-;-;-;-;-;-;1526;1442;2162;3261;5588;5622;5039;4756
;;Departures to foreign countries;number;-;-;-;-;-;-;-;-;-;-;-;-;-;-;-;-;-;-;-;-;-;-;-;-;-;-;-;-;-;-;-;-;-;1227;1344;1431;1995;2899;3111;3555;3825
;Female;Arrivals from foreign countries;number;-;-;-;-;-;-;-;-;-;-;-;-;-;-;-;-;-;-;-;-;-;-;-;-;-;-;-;-;-;-;-;-;-;2498;2012;2415;2882;4387;4453;4133;3708
;;Departures to foreign countries;number;-;-;-;-;-;-;-;-;-;-;-;-;-;-;-;-;-;-;-;-;-;-;-;-;-;-;-;-;-;-;-;-;-;1690;1753;1815;1718;1887;2127;2360;2419
;Total;Arrivals from foreign countries;number;-;-;-;-;-;-;-;-;-;-;-;-;-;-;-;-;-;-;-;-;-;-;-;-;-;-;-;-;-;-;-;-;-;4024;3454;4577;6143;9975;10075;9172;8464
;;Departures to foreign countries;number;-;-;-;-;-;-;-;-;-;-;-;-;-;-;-;-;-;-;-;-;-;-;-;-;-;-;-;-;-;-;-;-;-;2917;3097;3246;3713;4786;5238;5915;6244
Luxembourg;Male;Arrivals from foreign countries;number;537;477;464;488;515;587;602;549;458;536;587;529;646;588;614;582;628;686;676;640;641;689;709;684;740;792;849;871;957;974;1122;1276;1435;1721;1812;1642;1543;1584;1718;1744;1941
;;Departures to foreign countries;number;550;526;496;536;540;472;492;462;553;635;567;606;548;521;555;597;538;590;651;726;724;675;774;744;751;674;760;703;731;824;945;981;1035;1112;1257;1338;1172;1397;1247;1387;1494
;Female;Arrivals from foreign countries;number;407;341;351;392;380;391;412;408;325;406;428;425;504;488;462;449;440;425;507;452;440;486;521;549;576;556;590;651;782;754;865;1129;1176;1503;1646;1410;1354;1455;1428;1627;1710
;;Departures to foreign countries;number;417;398;367;446;386;383;378;360;403;530;476;427;404;462;419;471;426;481;459;546;547;506;572;528;584;553;549;550;596;686;725;759;829;890;1079;1095;1054;1201;1139;1261;1328
;Total;Arrivals from foreign countries;number;944;818;815;880;895;978;1014;957;783;942;1015;954;1150;1076;1076;1031;1068;1111;1183;1092;1081;1175;1230;1233;1316;1348;1439;1522;1739;1728;1987;2405;2611;3224;3458;3052;2897;3039;3146;3371;3651
;;Departures to foreign countries;number;967;924;863;982;926;855;870;822;956;1165;1043;1033;952;983;974;1068;964;1071;1110;1272;1271;1181;1346;1272;1335;1227;1309;1253;1327;1510;1670;1740;1864;2002;2336;2433;2226;2598;2386;2648;2822
Malta;Male;Arrivals from foreign countries;number;-;-;-;-;-;-;-;-;-;-;-;-;-;-;-;-;-;-;-;-;-;-;-;-;-;-;-;-;-;-;-;-;-;91;87;81;151;168;121;148;165
;;Departures to foreign countries;number;-;-;-;-;-;-;-;-;-;-;-;-;-;-;-;-;-;-;-;-;-;-;-;-;-;-;-;-;-;-;-;-;-;68;115;118;91;123;123;133;190
;Female;Arrivals from foreign countries;number;-;-;-;-;-;-;-;-;-;-;-;-;-;-;-;-;-;-;-;-;-;-;-;-;-;-;-;-;-;-;-;-;-;60;46;57;69;162;101;117;109
;;Departures to foreign countries;number;-;-;-;-;-;-;-;-;-;-;-;-;-;-;-;-;-;-;-;-;-;-;-;-;-;-;-;-;-;-;-;-;-;52;79;54;68;84;94;119;125
;Total;Arrivals from foreign countries;number;-;-;-;-;-;-;-;-;-;-;-;-;-;-;-;-;-;-;-;-;-;-;-;-;-;-;-;-;-;-;-;-;-;151;133;138;220;330;222;265;274
;;Departures to foreign countries;number;-;-;-;-;-;-;-;-;-;-;-;-;-;-;-;-;-;-;-;-;-;-;-;-;-;-;-;-;-;-;-;-;-;120;194;172;159;207;217;252;315
Netherlands;Male;Arrivals from foreign countries;number;6327;4941;4596;4985;4759;5022;5158;4821;4456;4192;4365;4483;4651;4782;5100;5370;5507;5991;6413;7015;7280;7773;7732;6484;6115;6040;6431;7327;8053;7447;7589;8096;8151;8184;8398;7491;7307;7525;7671;8266;8385
;;Departures to foreign countries;number;6555;5991;5441;4828;4443;4050;4361;4430;4452;4443;4215;4094;3996;4071;3964;4329;5099;5822;6060;6984;7062;6586;6581;6411;6102;5604;5232;5185;5288;4919;5540;4920;5026;5665;6621;6654;5913;5784;5672;5876;6546
;Female;Arrivals from foreign countries;number;4510;3705;3546;3893;3693;3564;3600;3521;3363;3157;3294;3490;3591;3610;3880;4152;4314;3958;4401;4568;4846;5065;5115;4457;4482;4391;4576;5168;5923;5568;5437;5809;5903;5923;5995;5275;5153;5285;5411;5686;5915
;;Departures to foreign countries;number;4136;3976;3928;3699;3313;3292;3264;3214;3682;3556;3536;3396;3420;3404;3313;3688;3984;4456;4841;5316;5463;4979;4900;4880;4807;4661;4079;4145;4048;3697;4241;3842;4163;4406;5164;5146;4689;4591;4674;4594;5132
;Total;Arrivals from foreign countries;number;10837;8646;8142;8878;8452;8586;8758;8342;7819;7349;7659;7973;8242;8392;8980;9522;9821;9949;10814;11583;12126;12838;12847;10941;10597;10431;11007;12495;13976;13015;13026;13905;14054;14107;14393;12766;12460;12810;13082;13952;14300
;;Departures to foreign countries;number;10691;9967;9369;8527;7756;7342;7625;7644;8134;7999;7751;7490;7416;7475;7277;8017;9083;10278;10901;12300;12525;11565;11481;11291;10909;10265;9311;9330;9336;8616;9781;8762;9189;10071;11785;11800;10602;10375;10346;10470;11678
Poland;Male;Arrivals from foreign countries;number;-;-;-;-;-;-;-;-;-;-;-;-;-;-;-;-;-;-;-;-;-;-;-;-;-;-;-;-;-;-;-;-;-;104035;86302;81392;83065;114832;121022;127899;127361
;;Departures to foreign countries;number;-;-;-;-;-;-;-;-;-;-;-;-;-;-;-;-;-;-;-;-;-;-;-;-;-;-;-;-;-;-;-;-;-;87017;93198;85058;70023;73002;79149;86648;97266
;Female;Arrivals from foreign countries;number;-;-;-;-;-;-;-;-;-;-;-;-;-;-;-;-;-;-;-;-;-;-;-;-;-;-;-;-;-;-;-;-;-;49554;45006;41405;42796;57844;63303;69110;70547
;;Departures to foreign countries;number;-;-;-;-;-;-;-;-;-;-;-;-;-;-;-;-;-;-;-;-;-;-;-;-;-;-;-;-;-;-;-;-;-;33774;39240;37571;33214;33493;35276;38751;41414
;Total;Arrivals from foreign countries;number;-;-;-;-;-;-;-;-;-;-;-;-;-;-;-;-;-;-;-;-;-;-;-;-;-;-;-;-;-;-;-;-;-;153589;131308;122797;125861;172676;184325;197009;197908
;;Departures to foreign countries;number;-;-;-;-;-;-;-;-;-;-;-;-;-;-;-;-;-;-;-;-;-;-;-;-;-;-;-;-;-;-;-;-;-;120791;132438;122629;103237;106495;114425;125399;138680
Portugal;Male;Arrivals from foreign countries;number;5217;3831;2711;2216;2076;2283;2050;1713;1174;1027;972;1001;1866;1959;2372;3749;4983;7238;6647;11273;26535;29311;32740;23357;15985;12139;8810;7102;6042;5182;3941;3577;3612;4056;4359;5173;4990;6088;8357;9548;7641
;;Departures to foreign countries;number;13116;9709;7335;5067;3679;3115;4663;4402;5103;5177;11272;2032;1516;1407;1453;2240;2386;3325;3796;5068;14103;20433;25688;24227;19387;13452;10055;8683;8179;6118;6018;4639;4620;4525;4949;5746;4969;4308;4275;5452;6134
;Female;Arrivals from foreign countries;number;8613;5115;3624;2938;2768;2501;2223;1772;1212;1002;1019;1125;1935;1728;1859;2369;2822;4251;4317;3676;4238;4686;4408;3848;3524;3312;3276;3191;2764;2517;2284;2031;2028;2072;2141;2178;2267;2950;4252;4946;4320
;;Departures to foreign countries;number;4680;5541;5259;4242;3305;2943;4003;3819;4571;4810;10111;1826;1219;1091;1139;1457;1408;1576;1944;2326;2645;2726;3086;3155;3266;3359;3271;3122;3136;2762;3080;2610;2394;2463;2717;2894;2297;1829;1815;2184;2469
;Total;Arrivals from foreign countries;number;13830;8946;6335;5154;4844;4784;4273;3485;2386;2029;1991;2126;3801;3687;4231;6118;7805;11489;10964;14949;30773;33997;37148;27205;19509;15451;12086;10293;8806;7699;6225;5608;5640;6128;6500;7351;7257;9038;12609;14494;11961
;;Departures to foreign countries;number;17796;15250;12594;9309;6984;6058;8666;8221;9674;9987;21383;3858;2735;2498;2592;3697;3794;4901;5740;7394;16748;23159;28774;27382;22653;16811;13326;11805;11315;8880;9098;7249;7014;6988;7666;8640;7266;6137;6090;7636;8603
Romania;Male;Arrivals from foreign countries;number;-;-;-;-;-;-;-;-;-;-;-;-;-;-;-;-;-;-;-;-;-;-;-;-;-;-;-;-;-;-;-;-;-;26270;29661;33993;45625;59032;74186;85444;122001
;;Departures to foreign countries;number;-;-;-;-;-;-;-;-;-;-;-;-;-;-;-;-;-;-;-;-;-;-;-;-;-;-;-;-;-;-;-;-;-;15475;24766;27837;30372;37590;46754;57244;77251
;Female;Arrivals from foreign countries;number;-;-;-;-;-;-;-;-;-;-;-;-;-;-;-;-;-;-;-;-;-;-;-;-;-;-;-;-;-;-;-;-;-;17186;17981;22434;28960;36447;42778;49972;69860
;;Departures to foreign countries;number;-;-;-;-;-;-;-;-;-;-;-;-;-;-;-;-;-;-;-;-;-;-;-;-;-;-;-;-;-;-;-;-;-;8579;13264;16313;18496;21740;24398;28621;39478
;Total;Arrivals from foreign countries;number;-;-;-;-;-;-;-;-;-;-;-;-;-;-;-;-;-;-;-;-;-;-;-;-;-;-;-;-;-;-;-;-;-;43456;47642;56427;74585;95479;116964;135416;191861
;;Departures to foreign countries;number;-;-;-;-;-;-;-;-;-;-;-;-;-;-;-;-;-;-;-;-;-;-;-;-;-;-;-;-;-;-;-;-;-;24054;38030;44150;48868;59330;71152;85865;116729
Slovakia;Male;Arrivals from foreign countries;number;-;-;-;-;-;-;-;-;-;-;-;-;-;-;-;-;-;-;-;-;-;-;-;-;-;-;-;-;-;-;-;-;-;6034;5674;5264;5396;7590;8553;9374;9811
;;Departures to foreign countries;number;-;-;-;-;-;-;-;-;-;-;-;-;-;-;-;-;-;-;-;-;-;-;-;-;-;-;-;-;-;-;-;-;-;5676;6152;5179;4746;5023;5584;6519;7479
;Female;Arrivals from foreign countries;number;-;-;-;-;-;-;-;-;-;-;-;-;-;-;-;-;-;-;-;-;-;-;-;-;-;-;-;-;-;-;-;-;-;3549;3154;3294;3217;4450;5192;5558;5624
;;Departures to foreign countries;number;-;-;-;-;-;-;-;-;-;-;-;-;-;-;-;-;-;-;-;-;-;-;-;-;-;-;-;-;-;-;-;-;-;2796;3331;2972;2582;2759;3049;3421;3807
;Total;Arrivals from foreign countries;number;-;-;-;-;-;-;-;-;-;-;-;-;-;-;-;-;-;-;-;-;-;-;-;-;-;-;-;-;-;-;-;-;-;9583;8828;8558;8613;12040;13745;14932;15435
;;Departures to foreign countries;number;-;-;-;-;-;-;-;-;-;-;-;-;-;-;-;-;-;-;-;-;-;-;-;-;-;-;-;-;-;-;-;-;-;8472;9483;8151;7328;7782;8633;9940;11286
Slovenia;Male;Arrivals from foreign countries;number;-;-;-;-;-;-;-;-;-;-;-;-;-;-;-;-;-;-;-;-;-;-;-;-;-;-;-;-;-;-;-;-;-;792;852;1069;1350;2498;4273;5109;5065
;;Departures to foreign countries;number;-;-;-;-;-;-;-;-;-;-;-;-;-;-;-;-;-;-;-;-;-;-;-;-;-;-;-;-;-;-;-;-;-;924;1249;1391;1159;1482;2180;2905;3180
;Female;Arrivals from foreign countries;number;-;-;-;-;-;-;-;-;-;-;-;-;-;-;-;-;-;-;-;-;-;-;-;-;-;-;-;-;-;-;-;-;-;484;446;462;536;807;1025;1442;1799
;;Departures to foreign countries;number;-;-;-;-;-;-;-;-;-;-;-;-;-;-;-;-;-;-;-;-;-;-;-;-;-;-;-;-;-;-;-;-;-;533;651;653;605;566;595;632;823
;Total;Arrivals from foreign countries;number;-;-;-;-;-;-;-;-;-;-;-;-;-;-;-;-;-;-;-;-;-;-;-;-;-;-;-;-;-;-;-;-;-;1276;1298;1531;1886;3305;5298;6551;6864
;;Departures to foreign countries;number;-;-;-;-;-;-;-;-;-;-;-;-;-;-;-;-;-;-;-;-;-;-;-;-;-;-;-;-;-;-;-;-;-;1457;1900;2044;1764;2048;2775;3537;4003
Spain;Male;Arrivals from foreign countries;number;7809;4926;4364;3951;3820;3723;4325;4560;3330;2583;2914;2942;3573;3504;3656;4111;4227;4409;4804;5102;5125;5988;6587;6198;6461;7177;7607;8034;8089;7830;7605;7536;7491;8287;9330;10871;11676;15813;21295;24543;22823
;;Departures to foreign countries;number;34287;26551;20601;14861;10832;7954;6694;6211;7539;6999;6394;5763;5327;5524;5095;5491;5335;5281;5670;6213;7084;6910;7866;8422;8623;8857;8379;8746;8761;8576;9427;8388;8756;8827;10052;9542;8462;8395;9325;11173;13259
;Female;Arrivals from foreign countries;number;7903;4846;3991;3916;3570;3495;3356;3252;2618;2455;2546;2807;3305;3208;3543;3836;3838;4114;4611;4677;4844;5504;5967;5976;6230;6802;7277;7315;7337;6817;6801;6468;6728;7228;8058;9088;9867;12327;16388;19576;18268
;;Departures to foreign countries;number;15447;15539;14068;11686;8622;6086;5091;4593;5202;5808;5409;4824;4336;4609;4471;4620;4397;4204;4833;5215;5847;5851;6431;7148;7582;8011;7741;7583;7920;7660;8583;7671;7978;8297;9561;9076;7609;7612;7819;9151;10892
;Total;Arrivals from foreign countries;number;15712;9772;8355;7867;7390;7218;7681;7812;5948;5038;5460;5749;6878;6712;7199;7947;8065;8523;9415;9779;9969;11492;12554;12174;12691;13979;14884;15349;15426;14647;14406;14004;14219;15515;17388;19959;21543;28140;37683;44119;41091
;;Departures to foreign countries;number;49734;42090;34669;26547;19454;14040;11785;10804;12741;12807;11803;10587;9663;10133;9566;10111;9732;9485;10503;11428;12931;12761;14297;15570;16205;16868;16120;16329;16681;16236;18010;16059;16734;17124;19613;18618;16071;16007;17144;20324;24151
Sweden;Male;Arrivals from foreign countries;number;1505;990;1005;990;1034;1164;1253;1148;886;838;939;1006;964;1084;1017;1136;2135;1783;2057;2131;2641;2602;2256;2008;2120;2045;1973;1900;1786;1799;1846;1711;1729;1745;1638;1821;1832;2016;2179;2240;2311
;;Departures to foreign countries;number;1358;1489;1347;1135;956;856;928;946;993;926;953;988;889;937;897;1019;1356;1364;1331;1726;1901;2119;2277;2264;2213;2048;1954;1937;2025;1942;2187;1804;2070;2360;2613;2494;2080;2081;2115;2046;2338
;Female;Arrivals from foreign countries;number;1254;943;814;860;911;921;1017;1085;922;855;1055;1002;1125;1160;1123;1211;1285;1695;2044;1936;1960;2199;2191;2066;2016;2023;1934;1806;1695;1598;1638;1576;1452;1511;1486;1691;1768;1813;1911;1994;2024
;;Departures to foreign countries;number;1127;1182;1123;1063;906;789;808;845;943;866;1013;933;962;1010;953;1076;1051;1068;1331;1543;1911;1984;2160;2218;2169;2036;1762;1877;1851;1844;1981;1764;1864;2149;2366;2364;1973;2007;1919;1946;2237
;Total;Arrivals from foreign countries;number;2759;1933;1819;1850;1945;2085;2270;2233;1808;1693;1994;2008;2089;2244;2140;2347;3420;3478;4101;4067;4601;4801;4447;4074;4136;4068;3907;3706;3481;3397;3484;3287;3181;3256;3124;3512;3600;3829;4090;4234;4335
;;Departures to foreign countries;number;2485;2671;2470;2198;1862;1645;1736;1791;1936;1792;1966;1921;1851;1947;1850;2095;2407;2432;2662;3269;3812;4103;4437;4482;4382;4084;3716;3814;3876;3786;4168;3568;3934;4509;4979;4858;4053;4088;4034;3992;4575
United Kingdom;Male;Arrivals from foreign countries;number;9895;7707;9189;10193;11013;13440;16477;15052;9646;7108;6952;7105;8353;8448;8282;9062;10023;11485;12966;12623;13031;13244;12588;9468;9243;9649;9789;9253;8372;7536;7278;7226;7336;7486;8606;8925;9329;9993;10491;10591;10445
;;Departures to foreign countries;number;7454;6772;6811;6995;8465;9028;10079;11388;10439;8592;7754;7087;6835;6525;6434;6692;6714;7766;8793;9561;12035;11311;12832;11709;10825;10484;8961;8829;9036;8316;9944;9083;9089;9457;10757;10182;9185;8383;8138;8704;10121
;Female;Arrivals from foreign countries;number;7465;6419;6512;7743;7787;8034;9393;9569;7803;6345;6458;6661;7219;7478;7376;7498;8048;8689;9388;8571;8396;8314;7815;7009;6710;7255;7341;6925;6331;5661;5441;5385;5567;5957;6638;6825;7236;7742;8102;8133;8131
;;Departures to foreign countries;number;5840;5291;5165;5628;6591;6380;6667;7511;7579;7287;6899;6603;6284;6276;6122;6178;6105;6454;7304;7921;9896;8958;9392;9475;8944;8640;7557;7376;7626;7234;8585;8313;8230;8485;9542;9054;8074;7808;7368;7981;9113
;Total;Arrivals from foreign countries;number;17360;14126;15701;17936;18800;21474;25870;24621;17449;13453;13410;13766;15572;15926;15658;16560;18071;20174;22354;21194;21427;21558;20403;16477;15953;16904;17130;16178;14703;13197;12719;12611;12903;13443;15244;15750;16565;17735;18593;18724;18576
;;Departures to foreign countries;number;13294;12063;11976;12623;15056;15408;16746;18899;18018;15879;14653;13690;13119;12801;12556;12870;12819;14220;16097;17482;21931;20269;22224;21184;19769;19124;16518;16205;16662;15550;18529;17396;17319;17942;20299;19236;17259;16191;15506;16685;19234
__________;;;;;;;;;;;;;;;;;;;;;;;;;;;;;;;;;;;;;;;;;;;;
(C)opyright Statistisches Bundesamt, Wiesbaden 2016;;;;;;;;;;;;;;;;;;;;;;;;;;;;;;;;;;;;;;;;;;;;
created: 14.06.2016 / 10:38:53;;;;;;;;;;;;;;;;;;;;;;;;;;;;;;;;;;;;;;;;;;;;
